{
  "project_info": {
    "project_number": "102589595621",
    "firebase_url": "https://bloodgo-d8d53.firebaseio.com",
    "project_id": "bloodgo-d8d53",
    "storage_bucket": "bloodgo-d8d53.appspot.com"
  },
  "client": [
    {
      "client_info": {
        "mobilesdk_app_id": "1:102589595621:android:8d2b3232daeb1e0568b90c",
        "android_client_info": {
          "package_name": "com.asdtechlabs.bloodbank"
        }
      },
      "oauth_client": [
        {
          "client_id": "102589595621-guvv91ssqrlh4kt9auhgqjbrlr484eq6.apps.googleusercontent.com",
          "client_type": 3
        }
      ],
      "api_key": [
        {
          "current_key": "AIzaSyBGIVC0x9hwOCfkssw0QTGOWbivHjUkZD0"
        }
      ],
      "services": {
        "appinvite_service": {
          "other_platform_oauth_client": [
            {
              "client_id": "102589595621-guvv91ssqrlh4kt9auhgqjbrlr484eq6.apps.googleusercontent.com",
              "client_type": 3
            }
          ]
        }
      }
    }
  ],
  "configuration_version": "1"
}